count,uploaded,date
1,2019-05,2024-03
1,2020-02,2024-03
1,2020-09,2024-03
1,2021-01,2024-03
2,2021-06,2024-03
1,2021-09,2024-03
1,2021-11,2024-03
1,2022-01,2024-03
1,2022-03,2024-03
2,2022-04,2024-03
1,2022-05,2024-03
4,2022-10,2024-03
1,2022-11,2024-03
3,2022-12,2024-03
2,2023-01,2024-03
2,2023-02,2024-03
2,2023-03,2024-03
3,2023-04,2024-03
2,2023-05,2024-03
1,2023-07,2024-03
1,2023-08,2024-03
1,2023-09,2024-03
5,2023-10,2024-03
3,2023-12,2024-03
1,2024-01,2024-03
3,2024-02,2024-03
3,2024-03,2024-03
1,2019-04,2024-04
1,2020-05,2024-04
1,2020-09,2024-04
1,2021-01,2024-04
2,2021-06,2024-04
